Date,Block,Primary Type,Location Description,Arrest,Year
2/3/2018 0:26,046XX W MONROE ST,BATTERY,RESIDENCE,False,2018
2/3/2018 2:10,039XX S WENTWORTH AVE,BATTERY,SIDEWALK,False,2018
2/3/2018 3:26,055XX W POTOMAC AVE,ASSAULT,APARTMENT,False,2018
2/3/2018 4:50,018XX S HARDING AVE,BATTERY,VEHICLE NON-COMMERCIAL,False,2018
2/3/2018 1:00,092XX S SAGINAW AVE,OTHER OFFENSE,STREET,False,2018
2/3/2018 3:00,039XX W MONROE ST,THEFT,RESIDENCE,False,2018
2/3/2018 10:10,067XX S JEFFERY BLVD,ASSAULT,OTHER,False,2018
2/3/2018 11:52,007XX N TRUMBULL AVE,NARCOTICS,SIDEWALK,True,2018
2/3/2018 10:51,001XX N LATROBE AVE,PUBLIC PEACE VIOLATION,RESIDENCE PORCH/HALLWAY,True,2018
2/3/2018 11:51,052XX S ST LOUIS AVE,BATTERY,RESIDENCE,False,2018
2/3/2018 5:00,049XX W ROSCOE ST,CRIMINAL DAMAGE,STREET,False,2018
2/3/2018 11:50,003XX E 116TH ST,BATTERY,APARTMENT,False,2018
2/3/2018 10:00,108XX S PERRY AVE,BATTERY,RESIDENCE,False,2018
2/3/2018 7:00,061XX S MOZART ST,THEFT,RESIDENCE,False,2018
2/3/2018 12:35,014XX S KOSTNER AVE,CRIMINAL DAMAGE,APARTMENT,False,2018
2/3/2018 11:59,082XX S BUFFALO AVE,OTHER OFFENSE,RESIDENCE,False,2018
2/3/2018 9:56,001XX N LONG AVE,NARCOTICS,RESIDENCE,True,2018
2/3/2018 13:42,040XX S DEARBORN ST,OTHER OFFENSE,RESIDENCE,False,2018
2/3/2018 12:02,021XX E 82ND ST,OTHER OFFENSE,APARTMENT,False,2018
2/3/2018 11:29,078XX S CORNELL AVE,OTHER OFFENSE,APARTMENT,False,2018
2/3/2018 11:05,086XX S BALTIMORE AVE,OTHER OFFENSE,APARTMENT,False,2018
2/3/2018 11:05,086XX S BALTIMORE AVE,OTHER OFFENSE,APARTMENT,False,2018
2/3/2018 13:50,111XX S VINCENNES AVE,CRIMINAL TRESPASS,GAS STATION,True,2018
2/3/2018 11:00,086XX S BALTIMORE AVE,OTHER OFFENSE,APARTMENT,False,2018
2/3/2018 2:00,037XX N DAMEN AVE,MOTOR VEHICLE THEFT,STREET,False,2018
2/3/2018 14:50,008XX W NORTH AVE,THEFT,SMALL RETAIL STORE,False,2018
2/3/2018 1:00,014XX N WELLS ST,DECEPTIVE PRACTICE,HOTEL/MOTEL,False,2018
2/3/2018 11:00,055XX S UNIVERSITY AVE,THEFT,ATHLETIC CLUB,False,2018
2/3/2018 14:56,008XX N HOMAN AVE,INTERFERENCE WITH PUBLIC OFFICER,SIDEWALK,True,2018
2/3/2018 6:00,009XX W KINZIE ST,MOTOR VEHICLE THEFT,STREET,False,2018
2/3/2018 3:00,021XX N LOCKWOOD AVE,MOTOR VEHICLE THEFT,RESIDENCE,False,2018
2/3/2018 16:25,009XX W BELMONT AVE,MOTOR VEHICLE THEFT,STREET,True,2018
2/3/2018 9:00,009XX W DIVERSEY PKWY,THEFT,STREET,False,2018
2/3/2018 15:10,021XX W DIVISION ST,ROBBERY,ALLEY,False,2018
2/3/2018 17:01,040XX W IRVING PARK RD,THEFT,DRUG STORE,True,2018
2/3/2018 19:00,004XX S KOSTNER AVE,NARCOTICS,GAS STATION,True,2018
2/3/2018 18:40,007XX N MICHIGAN AVE,THEFT,SMALL RETAIL STORE,True,2018
2/3/2018 19:58,008XX N DEARBORN ST,ROBBERY,STREET,False,2018
2/3/2018 15:35,078XX S JEFFERY BLVD,BATTERY,SIDEWALK,False,2018
2/3/2018 16:45,117XX S MARSHFIELD AVE,THEFT,GROCERY FOOD STORE,True,2018
2/3/2018 17:00,032XX W BELMONT AVE,THEFT,PARKING LOT/GARAGE(NON.RESID.),False,2018
2/3/2018 20:30,059XX N LINCOLN AVE,CRIMINAL DAMAGE,HOTEL/MOTEL,True,2018
2/3/2018 15:00,001XX E 18TH ST,CRIMINAL DAMAGE,STREET,False,2018
2/3/2018 22:50,014XX S CANAL ST,ASSAULT,OTHER,False,2018
2/3/2018 16:00,020XX W SCHILLER ST,DECEPTIVE PRACTICE,RESIDENCE,False,2018
2/3/2018 2:00,049XX S WOOD ST,THEFT,STREET,False,2018
2/3/2018 17:00,005XX S OAKLEY BLVD,CRIMINAL DAMAGE,STREET,False,2018
2/3/2018 13:24,023XX E 73RD ST,THEFT,RESIDENCE,False,2018
2/3/2018 12:00,024XX W CORTLAND ST,THEFT,RESIDENTIAL YARD (FRONT/BACK),False,2018
2/3/2018 18:00,049XX W NORTH AVE,THEFT,ATHLETIC CLUB,False,2018
2/3/2018 19:30,099XX S LA SALLE ST,BURGLARY,RESIDENCE,False,2018
2/3/2018 20:00,046XX W FLOURNOY ST,BURGLARY,OTHER,False,2018
2/3/2018 19:30,052XX W EDDY ST,OTHER OFFENSE,STREET,False,2018
2/3/2018 20:00,090XX S HERMITAGE AVE,CRIMINAL DAMAGE,STREET,False,2018
2/3/2018 17:30,0000X E 95TH ST,CRIMINAL DAMAGE,PARK PROPERTY,False,2018
2/3/2018 23:00,008XX W FULTON MARKET,THEFT,OTHER,False,2018
2/3/2018 21:30,060XX W BYRON ST,THEFT,STREET,False,2018
2/3/2018 19:30,060XX N BROADWAY,MOTOR VEHICLE THEFT,STREET,False,2018
2/3/2018 14:00,051XX S HONORE ST,CRIMINAL DAMAGE,STREET,False,2018
2/3/2018 14:00,083XX S ELLIS AVE,THEFT,OTHER,False,2018
2/3/2018 20:20,020XX N CLEVELAND AVE,LIQUOR LAW VIOLATION,RESTAURANT,True,2018
2/3/2018 14:17,014XX W 63RD ST,OTHER OFFENSE,OTHER,False,2018
2/3/2018 1:37,026XX N HALSTED ST,THEFT,BAR OR TAVERN,False,2018
2/3/2018 0:30,015XX N MILWAUKEE AVE,THEFT,BAR OR TAVERN,False,2018
2/2/2018 12:10,0000X S CICERO AVE,OTHER OFFENSE,SMALL RETAIL STORE,True,2018
1/8/2018 10:00,001XX W DIVISION ST,THEFT,OTHER,False,2018
1/19/2018 0:20,0000X W C9 ST,THEFT,AIRPORT TERMINAL MEZZANINE - NON-SECURE AREA,False,2018
2/2/2018 15:00,002XX N LA SALLE ST,DECEPTIVE PRACTICE,OTHER,False,2018
2/3/2018 5:21,004XX S PULASKI RD,HOMICIDE,STREET,False,2018
2/3/2018 4:22,001XX E 119TH PL,HOMICIDE,STREET,False,2018
2/3/2018 12:34,077XX S YATES BLVD,HOMICIDE,PORCH,True,2018
2/3/2018 21:03,024XX W 63RD ST,HOMICIDE,APARTMENT,True,2018
1/12/2018 7:00,033XX N MARSHFIELD AVE,HOMICIDE,YMCA,True,2018
1/1/2018 0:10,028XX N NATCHEZ AVE,WEAPONS VIOLATION,ALLEY,False,2018
1/1/2018 12:00,057XX N MANTON AVE,BATTERY,RESIDENCE,False,2018
1/1/2018 4:00,061XX S WOODLAWN AVE,BATTERY,APARTMENT,False,2018
1/1/2018 2:46,039XX W CORNELIA AVE,HOMICIDE,AUTO,False,2018
1/1/2018 11:33,026XX N HAMPDEN CT,HOMICIDE,APARTMENT,False,2018
1/1/2018 18:27,047XX S PRINCETON AVE,HOMICIDE,AUTO,False,2018
1/3/2018 20:25,008XX N LAWNDALE AVE,ROBBERY,ALLEY,False,2018
1/4/2018 0:01,009XX S INDEPENDENCE BLVD,BATTERY,APARTMENT,True,2018
1/5/2018 0:40,003XX E OHIO ST,THEFT,RESTAURANT,False,2018
1/6/2018 12:54,015XX E 62ND ST,HOMICIDE,STREET,False,2018
1/6/2018 13:20,072XX S MAY ST,HOMICIDE,STREET,True,2018
1/7/2018 16:37,007XX N CHRISTIANA AVE,HOMICIDE,STREET,False,2018
1/9/2018 22:34,025XX W PETERSON AVE,CRIMINAL DAMAGE,GAS STATION,False,2018
1/6/2018 16:00,052XX N MC VICKER AVE,CRIMINAL DAMAGE,RESIDENCE-GARAGE,False,2018
1/7/2018 23:00,043XX W SHAKESPEARE AVE,CRIMINAL DAMAGE,STREET,False,2018
1/9/2018 21:45,001XX W 95TH ST,ROBBERY,SIDEWALK,False,2018
1/9/2018 23:00,028XX S DR MARTIN LUTHER KING JR DR,THEFT,APARTMENT,False,2018
1/9/2018 4:08,015XX W GARFIELD BLVD,HOMICIDE,PARKING LOT,False,2018
1/9/2018 20:36,051XX W ADAMS ST,HOMICIDE,STREET,False,2018
1/10/2018 23:18,067XX S ASHLAND AVE,BATTERY,VEHICLE NON-COMMERCIAL,False,2018
1/10/2018 3:03,133XX S CALUMET AVE,HOMICIDE,STREET,False,2018
1/10/2018 3:18,013XX N LOREL AVE,HOMICIDE,HOUSE,True,2018
1/11/2018 0:12,051XX W MADISON ST,ASSAULT,SIDEWALK,True,2018
1/11/2018 0:30,012XX N CLEVELAND AVE,THEFT,STREET,False,2018
1/9/2018 17:22,019XX N ALBANY AVE,HOMICIDE,STREET,True,2018
1/11/2018 5:51,049XX S CICERO AVE,HOMICIDE,GAS STATION,True,2018
1/11/2018 12:07,053XX W RACE AVE,HOMICIDE,STREET,False,2018
1/13/2018 11:30,038XX W 26TH ST,THEFT,OTHER,False,2018
1/13/2018 12:00,108XX S WABASH AVE,OTHER OFFENSE,APARTMENT,False,2018
1/14/2018 22:00,044XX S INDIANA AVE,CRIMINAL DAMAGE,STREET,False,2018
1/14/2018 19:49,039XX W FERDINAND ST,OTHER OFFENSE,RESIDENCE,False,2018
1/1/2018 17:00,045XX S CHAMPLAIN AVE,MOTOR VEHICLE THEFT,STREET,False,2018
1/2/2018 19:35,066XX S KENWOOD AVE,WEAPONS VIOLATION,STREET,True,2018
1/3/2018 11:30,064XX S HONORE ST,BATTERY,RESIDENCE,False,2018
1/4/2018 1:00,062XX W TOUHY AVE,BURGLARY,RESTAURANT,False,2018
1/5/2018 8:31,031XX W JACKSON BLVD,OTHER OFFENSE,STREET,True,2018
1/5/2018 12:08,073XX N SHERIDAN RD,SEX OFFENSE,HOTEL/MOTEL,True,2018
1/5/2018 9:00,087XX W BRYN MAWR AVE,OTHER OFFENSE,RESIDENCE,False,2018
1/5/2018 14:00,076XX S COLFAX AVE,CRIMINAL DAMAGE,RESIDENCE,False,2018
1/5/2018 13:40,040XX W 16TH ST,NARCOTICS,SIDEWALK,True,2018
1/5/2018 6:29,018XX S TROY ST,DECEPTIVE PRACTICE,RESIDENCE,False,2018
1/5/2018 17:50,020XX W 79TH ST,BATTERY,PARKING LOT/GARAGE(NON.RESID.),False,2018
1/5/2018 10:30,022XX N CLYBOURN AVE,ASSAULT,STREET,False,2018
1/5/2018 22:30,053XX W CHICAGO AVE,BATTERY,VEHICLE NON-COMMERCIAL,False,2018
1/6/2018 4:00,019XX N SEDGWICK ST,ROBBERY,BAR OR TAVERN,False,2018
1/5/2018 11:23,019XX W 79TH ST,ROBBERY,RESTAURANT,False,2018
1/4/2018 17:45,010XX E 53RD ST,BATTERY,RESIDENCE PORCH/HALLWAY,False,2018
1/4/2018 11:01,008XX W BELMONT AVE,THEFT,SMALL RETAIL STORE,False,2018
1/4/2018 15:25,001XX W DIVISION ST,THEFT,CTA TRAIN,False,2018
1/5/2018 1:00,053XX S HOYNE AVE,THEFT,STREET,False,2018
1/5/2018 17:36,011XX S CANAL ST,THEFT,DEPARTMENT STORE,False,2018
1/3/2018 15:00,014XX W GARFIELD BLVD,THEFT,RESIDENCE,False,2018
1/4/2018 17:39,013XX N ASHLAND AVE,THEFT,DEPARTMENT STORE,False,2018
1/3/2018 12:00,017XX S STATE ST,DECEPTIVE PRACTICE,POLICE FACILITY/VEH PARKING LOT,False,2018
1/5/2018 8:30,016XX S MILLARD AVE,ROBBERY,SIDEWALK,False,2018
1/5/2018 13:45,062XX S WESTERN AVE,BATTERY,SIDEWALK,False,2018
1/4/2018 15:40,039XX W School St,THEFT,APARTMENT,False,2018
1/5/2018 11:30,022XX S MILLARD AVE,THEFT,OTHER,False,2018
1/5/2018 1:11,067XX S ELIZABETH ST,BATTERY,RESIDENCE,False,2018
1/4/2018 15:00,107XX S MORGAN ST,DECEPTIVE PRACTICE,RESIDENCE,False,2018
1/4/2018 11:00,080XX S HOUSTON AVE,DECEPTIVE PRACTICE,RESIDENCE,False,2018
1/7/2018 17:00,014XX W 92ND ST,THEFT,APARTMENT,False,2018
1/1/2018 8:00,054XX S MELVINA AVE,OTHER OFFENSE,RESIDENCE,False,2018
1/10/2018 1:00,065XX N HOYNE AVE,CRIMINAL DAMAGE,STREET,False,2018
1/1/2018 5:30,064XX W DIVERSEY AVE,ROBBERY,SIDEWALK,False,2018
1/4/2018 20:00,009XX N MICHIGAN AVE,OTHER OFFENSE,APARTMENT,False,2018
1/3/2018 19:00,017XX W HARRISON ST,THEFT,HOSPITAL BUILDING/GROUNDS,False,2018
1/4/2018 12:00,031XX N ASHLAND AVE,DECEPTIVE PRACTICE,COMMERCIAL / BUSINESS OFFICE,False,2018
1/9/2018 16:00,002XX W 105TH PL,BURGLARY,RESIDENCE-GARAGE,False,2018
1/2/2018 18:48,018XX W JACKSON BLVD,DECEPTIVE PRACTICE,STREET,False,2018
1/1/2018 2:00,019XX N WESTERN AVE,CRIMINAL DAMAGE,CTA TRAIN,False,2018
1/11/2018 13:58,040XX N BROADWAY,OTHER OFFENSE,OTHER,False,2018
1/3/2018 10:00,075XX S PULASKI RD,THEFT,COLLEGE/UNIVERSITY RESIDENCE HALL,False,2018
1/12/2018 18:54,016XX W PETERSON AVE,WEAPONS VIOLATION,RESIDENCE,False,2018
1/12/2018 8:00,083XX S MANISTEE AVE,OFFENSE INVOLVING CHILDREN,APARTMENT,True,2018
1/15/2018 13:53,007XX N PINE AVE,WEAPONS VIOLATION,APARTMENT,False,2018
1/11/2018 9:00,004XX S CLARK ST,BURGLARY,RESIDENCE,False,2018
1/9/2018 0:00,001XX N HAMLIN BLVD,THEFT,RESIDENTIAL YARD (FRONT/BACK),False,2018
1/15/2018 0:39,018XX N NEW ENGLAND AVE,ASSAULT,RESIDENCE,True,2018
1/1/2018 15:00,045XX N ELSTON AVE,MOTOR VEHICLE THEFT,PARKING LOT/GARAGE(NON.RESID.),False,2018
1/2/2018 9:00,079XX S INGLESIDE AVE,BURGLARY,RESIDENCE,False,2018
1/4/2018 0:01,047XX N RAVENSWOOD AVE,DECEPTIVE PRACTICE,RESIDENCE,False,2018
1/14/2018 11:03,119XX S HARVARD AVE,HOMICIDE,STREET,False,2018
1/15/2018 5:20,021XX W 24TH ST,BATTERY,APARTMENT,False,2018
1/15/2018 1:00,063XX S RACINE AVE,CRIMINAL DAMAGE,CTA GARAGE / OTHER PROPERTY,False,2018
1/15/2018 13:22,056XX S BISHOP ST,NARCOTICS,STREET,True,2018
1/15/2018 16:50,052XX W ADDISON ST,MOTOR VEHICLE THEFT,STREET,False,2018
1/15/2018 17:26,061XX S ARCHER AVE,THEFT,SMALL RETAIL STORE,False,2018
1/15/2018 20:40,015XX S PULASKI RD,WEAPONS VIOLATION,STREET,True,2018
1/15/2018 21:00,030XX S FORT DEARBORN,CRIMINAL TRESPASS,OTHER,False,2018
1/15/2018 10:00,012XX N HOYNE AVE,DECEPTIVE PRACTICE,APARTMENT,False,2018
1/15/2018 5:30,120XX S STEWART AVE,THEFT,RESIDENTIAL YARD (FRONT/BACK),False,2018
1/15/2018 19:00,001XX N CENTRAL AVE,BATTERY,APARTMENT,False,2018
1/15/2018 20:30,033XX W BELDEN AVE,THEFT,RESIDENCE,False,2018
1/16/2018 1:35,059XX S SACRAMENTO AVE,BATTERY,STREET,False,2018
1/16/2018 11:00,008XX S STATE ST,THEFT,PARKING LOT/GARAGE(NON.RESID.),False,2018
1/16/2018 11:30,044XX S PULASKI RD,DECEPTIVE PRACTICE,STREET,False,2018
1/17/2018 3:15,028XX W 19TH ST,BATTERY,HOSPITAL BUILDING/GROUNDS,True,2018
1/5/2018 16:20,009XX N MICHIGAN AVE,THEFT,DEPARTMENT STORE,False,2018
1/17/2018 7:22,073XX S PAULINA ST,BATTERY,RESIDENCE,False,2018
1/17/2018 12:35,014XX W 95TH ST,ASSAULT,PARKING LOT/GARAGE(NON.RESID.),False,2018
1/17/2018 15:30,014XX W 89TH ST,KIDNAPPING,STREET,False,2018
1/17/2018 17:28,048XX S ELIZABETH ST,BATTERY,RESIDENCE,True,2018
1/17/2018 14:41,091XX S COMMERCIAL AVE,CRIMINAL TRESPASS,PARKING LOT/GARAGE(NON.RESID.),True,2018
1/17/2018 23:46,063XX S LAFLIN ST,OTHER OFFENSE,STREET,False,2018
1/17/2018 17:40,096XX S WOODLAWN AVE,MOTOR VEHICLE THEFT,STREET,False,2018
1/4/2018 15:00,0000X N FRANKLIN ST,DECEPTIVE PRACTICE,STREET,False,2018
1/4/2018 23:30,0000X E MONROE ST,DECEPTIVE PRACTICE,HOTEL/MOTEL,False,2018
1/18/2018 5:13,017XX E 74TH ST,CRIMINAL DAMAGE,RESIDENCE,False,2018
1/12/2018 22:00,100XX W OHARE ST,THEFT,AIRPORT EXTERIOR - SECURE AREA,False,2018
1/10/2018 12:00,034XX W NORTH AVE,CRIMINAL DAMAGE,STREET,False,2018
1/16/2018 14:35,112XX S HOMEWOOD AVE,BATTERY,"SCHOOL, PUBLIC, BUILDING",False,2018
1/18/2018 18:59,049XX W BELLE PLAINE AVE,BATTERY,APARTMENT,False,2018
1/18/2018 3:41,066XX S EVANS AVE,HOMICIDE,STREET,True,2018
1/1/2018 16:30,0000X W TERMINAL ST,THEFT,AIRCRAFT,False,2018
1/5/2018 20:40,053XX S HERMITAGE AVE,ASSAULT,APARTMENT,False,2018
1/5/2018 19:50,083XX S SANGAMON ST,ASSAULT,STREET,False,2018
1/5/2018 22:30,033XX S WOOD ST,BATTERY,STREET,False,2018
1/6/2018 3:30,027XX W 65TH ST,THEFT,STREET,False,2018
1/6/2018 15:50,001XX W DIVISION ST,BATTERY,SIDEWALK,False,2018
1/6/2018 21:57,115XX S PERRY AVE,WEAPONS VIOLATION,STREET,True,2018
1/7/2018 4:00,100XX S VERNON AVE,THEFT,STREET,False,2018
1/7/2018 7:20,086XX S ASHLAND AVE,THEFT,GAS STATION,False,2018
1/5/2018 18:00,018XX W 69TH ST,MOTOR VEHICLE THEFT,STREET,False,2018
1/5/2018 19:30,001XX W 112TH PL,ASSAULT,APARTMENT,False,2018
1/7/2018 11:45,023XX S AVERS AVE,THEFT,APARTMENT,False,2018
1/7/2018 17:15,118XX S MARSHFIELD AVE,CRIMINAL TRESPASS,DEPARTMENT STORE,True,2018
1/7/2018 10:30,071XX S VINCENNES AVE,BURGLARY,APARTMENT,False,2018
1/7/2018 2:30,029XX N BROADWAY,BATTERY,BAR OR TAVERN,True,2018
1/6/2018 12:15,078XX S WINCHESTER AVE,OTHER OFFENSE,OTHER,False,2018
1/7/2018 2:56,007XX N DRAKE AVE,BATTERY,RESIDENCE,False,2018
1/7/2018 14:10,059XX W WASHINGTON BLVD,BATTERY,APARTMENT,False,2018
1/7/2018 0:45,002XX E HURON ST,CRIM SEXUAL ASSAULT,HOSPITAL BUILDING/GROUNDS,False,2018
1/7/2018 8:00,040XX N KEDZIE AVE,BURGLARY,APARTMENT,False,2018
1/5/2018 16:30,013XX W 61ST ST,BURGLARY,RESIDENCE-GARAGE,False,2018
1/7/2018 13:54,009XX N MICHIGAN AVE,THEFT,SMALL RETAIL STORE,False,2018
1/7/2018 9:00,005XX N MC CLURG CT,DECEPTIVE PRACTICE,RESIDENCE,False,2018
1/6/2018 21:30,071XX S BENNETT AVE,THEFT,APARTMENT,False,2018
1/7/2018 11:16,003XX W 115TH ST,OTHER OFFENSE,OTHER,False,2018
1/7/2018 4:00,021XX N CLYBOURN AVE,DECEPTIVE PRACTICE,ATM (AUTOMATIC TELLER MACHINE),False,2018
1/5/2018 20:00,015XX W IRVING PARK RD,CRIMINAL DAMAGE,RESIDENCE,False,2018
1/7/2018 5:00,009XX W 35TH PL,BATTERY,RESIDENCE,False,2018
1/6/2018 11:00,064XX S CAMPBELL AVE,OTHER OFFENSE,APARTMENT,False,2018
1/7/2018 12:00,079XX S RHODES AVE,BATTERY,APARTMENT,False,2018
1/7/2018 2:00,007XX E 84TH ST,MOTOR VEHICLE THEFT,STREET,False,2018
1/7/2018 1:00,011XX W OAKDALE AVE,DECEPTIVE PRACTICE,STREET,False,2018
1/5/2018 17:00,057XX S STATE ST,DECEPTIVE PRACTICE,OTHER,False,2018
1/5/2018 19:40,012XX W 21st St,THEFT,STREET,False,2018
1/7/2018 3:00,033XX N HALSTED ST,THEFT,BAR OR TAVERN,False,2018
1/7/2018 1:17,004XX W 62ND ST,ASSAULT,APARTMENT,False,2018
1/5/2018 17:00,021XX W CONCORD PL,CRIMINAL DAMAGE,STREET,False,2018
1/6/2018 12:45,002XX N STETSON AVE,BATTERY,ATHLETIC CLUB,False,2018
1/6/2018 23:00,056XX S ABERDEEN ST,BATTERY,APARTMENT,False,2018
1/3/2018 2:30,039XX N WESTERN AVE,BURGLARY,RESIDENCE-GARAGE,False,2018
1/6/2018 5:14,019XX W DIVISION ST,DECEPTIVE PRACTICE,ATM (AUTOMATIC TELLER MACHINE),False,2018
1/6/2018 23:07,022XX W DEVON AVE,GAMBLING,CONVENIENCE STORE,True,2018
1/5/2018 20:00,008XX W BELLE PLAINE AVE,THEFT,RESIDENCE,False,2018
1/15/2018 21:50,008XX W 50TH PL,BATTERY,SIDEWALK,False,2018
1/6/2018 12:00,040XX N PAULINA ST,CRIMINAL DAMAGE,RESIDENCE-GARAGE,False,2018
1/20/2018 0:04,029XX E 79TH ST,HOMICIDE,STREET,False,2018
1/20/2018 13:53,000XX W 69TH ST,HOMICIDE,CTA PROPERTY,True,2018
1/21/2018 2:44,129XX S HALSTED ST,HOMICIDE,STREET,False,2018
1/21/2018 3:43,060XX W BELDEN AVE,HOMICIDE,STREET,True,2018
1/21/2018 3:45,060XX W BELDEN AVE,HOMICIDE,STREET,True,2018
1/8/2018 0:45,044XX S WHIPPLE ST,NARCOTICS,STREET,True,2018
1/7/2018 20:00,077XX S KINGSTON AVE,THEFT,STREET,False,2018
1/8/2018 10:00,025XX N CENTRAL AVE,ROBBERY,ALLEY,False,2018
1/8/2018 14:15,038XX W FILLMORE ST,THEFT,CONSTRUCTION SITE,False,2018
1/8/2018 19:45,0000X W OAK ST,THEFT,STREET,False,2018
1/8/2018 22:32,091XX S PRINCETON AVE,BATTERY,APARTMENT,False,2018
1/8/2018 9:30,020XX W 62ND ST,ASSAULT,"SCHOOL, PUBLIC, BUILDING",False,2018
1/9/2018 21:55,052XX S CORNELL AVE,ASSAULT,RESIDENCE PORCH/HALLWAY,False,2018
1/9/2018 22:40,033XX N OZARK AVE,BURGLARY,RESIDENCE,False,2018
1/10/2018 7:20,100XX S LAFAYETTE AVE,BATTERY,STREET,True,2018
1/9/2018 20:15,020XX N OAKLEY AVE,DECEPTIVE PRACTICE,BANK,False,2018
1/11/2018 13:00,0000X W MONROE ST,THEFT,RESTAURANT,False,2018
1/11/2018 9:52,018XX W HENDERSON ST,BATTERY,RESIDENCE,True,2018
1/11/2018 13:03,0000X E JACKSON BLVD,THEFT,RESTAURANT,False,2018
1/11/2018 17:15,005XX N MILWAUKEE AVE,DECEPTIVE PRACTICE,STREET,False,2018
1/11/2018 8:00,048XX S CALUMET AVE,CRIMINAL DAMAGE,APARTMENT,False,2018
1/11/2018 14:30,098XX S STATE ST,CRIMINAL DAMAGE,CTA TRAIN,False,2018
1/8/2018 19:00,049XX N MILWAUKEE AVE,THEFT,CTA PLATFORM,False,2018
1/12/2018 6:15,002XX S WACKER DR,PUBLIC PEACE VIOLATION,COMMERCIAL / BUSINESS OFFICE,False,2018
1/12/2018 13:30,101XX S ABERDEEN ST,BATTERY,RESIDENCE,False,2018
1/12/2018 18:47,0000X N STATE ST,BATTERY,DEPARTMENT STORE,False,2018
1/12/2018 12:47,006XX W ENGLEWOOD AVE,THEFT,APARTMENT,False,2018
1/12/2018 21:45,061XX S MARSHFIELD AVE,BATTERY,APARTMENT,False,2018
1/12/2018 8:30,030XX S WENTWORTH AVE,BURGLARY,APARTMENT,False,2018
1/12/2018 0:50,103XX S HALSTED ST,CRIMINAL DAMAGE,RESTAURANT,False,2018
1/12/2018 17:30,020XX E 73RD ST,ROBBERY,SIDEWALK,False,2018
1/13/2018 1:00,074XX S HARVARD AVE,MOTOR VEHICLE THEFT,STREET,False,2018
1/13/2018 17:35,002XX E 103RD ST,ROBBERY,OTHER,False,2018
1/11/2018 12:00,026XX S CHRISTIANA AVE,ROBBERY,ALLEY,False,2018
1/11/2018 5:00,021XX N HAMLIN AVE,BATTERY,RESIDENCE,False,2018
1/14/2018 5:00,033XX W WAVELAND AVE,OTHER OFFENSE,APARTMENT,False,2018
1/14/2018 5:27,062XX W BELMONT AVE,ROBBERY,RESTAURANT,False,2018
1/14/2018 13:05,014XX W 51ST ST,BATTERY,OTHER,True,2018
1/14/2018 14:38,051XX W CONCORD PL,BATTERY,RESIDENCE,True,2018
1/14/2018 16:00,008XX N MICHIGAN AVE,DECEPTIVE PRACTICE,OTHER,False,2018
1/14/2018 19:21,002XX S SACRAMENTO BLVD,BATTERY,CHURCH/SYNAGOGUE/PLACE OF WORSHIP,False,2018
1/14/2018 20:59,014XX N AUSTIN BLVD,ROBBERY,SIDEWALK,False,2018
1/14/2018 18:13,123XX S UNION AVE,BATTERY,RESIDENCE,False,2018
1/14/2018 21:27,004XX N HAMLIN AVE,WEAPONS VIOLATION,VEHICLE NON-COMMERCIAL,False,2018
1/14/2018 2:15,011XX E 82ND ST,BATTERY,RESIDENCE,False,2018
1/15/2018 9:35,006XX N ST LOUIS AVE,NARCOTICS,SIDEWALK,True,2018
1/15/2018 9:00,012XX S SPAULDING AVE,CRIM SEXUAL ASSAULT,APARTMENT,False,2018
1/15/2018 12:36,005XX W ROOSEVELT RD,THEFT,SMALL RETAIL STORE,False,2018
1/15/2018 14:30,007XX E 77TH ST,BATTERY,CHURCH/SYNAGOGUE/PLACE OF WORSHIP,False,2018
1/15/2018 14:55,011XX W GRANVILLE AVE,THEFT,RESTAURANT,True,2018
1/15/2018 13:40,065XX S DR MARTIN LUTHER KING JR DR,CRIMINAL DAMAGE,HOTEL/MOTEL,True,2018
1/15/2018 17:10,015XX S SPAULDING AVE,OTHER OFFENSE,STREET,True,2018
1/15/2018 14:50,018XX S SPAULDING AVE,BATTERY,RESIDENCE PORCH/HALLWAY,True,2018
1/15/2018 19:50,007XX S CENTRAL PARK AVE,BURGLARY,RESIDENCE-GARAGE,False,2018
1/15/2018 18:45,030XX S KILBOURN AVE,ROBBERY,STREET,False,2018
1/15/2018 21:40,043XX W IRVING PARK RD,CRIMINAL DAMAGE,AUTO / BOAT / RV DEALERSHIP,False,2018
1/16/2018 1:20,039XX W MAYPOLE AVE,ASSAULT,CTA GARAGE / OTHER PROPERTY,False,2018
1/15/2018 22:00,037XX W CORNELIA AVE,CRIMINAL DAMAGE,APARTMENT,False,2018
1/16/2018 7:50,0000X S LAVERGNE AVE,MOTOR VEHICLE THEFT,STREET,False,2018
1/16/2018 8:20,015XX N KOLIN AVE,BATTERY,STREET,False,2018
1/12/2018 23:00,007XX W 60TH PL,ROBBERY,RESIDENCE,False,2018
1/16/2018 12:00,089XX S SOUTH CHICAGO AVE,CRIMINAL TRESPASS,PARKING LOT/GARAGE(NON.RESID.),True,2018
1/16/2018 12:20,045XX W JACKSON BLVD,ASSAULT,APARTMENT,False,2018
1/16/2018 12:00,010XX N PAULINA ST,CRIMINAL DAMAGE,STREET,False,2018
1/16/2018 12:45,108XX S AVENUE F,THEFT,RESIDENCE,False,2018
1/11/2018 0:00,072XX S SOUTH SHORE DR,THEFT,PARKING LOT/GARAGE(NON.RESID.),False,2018
1/15/2018 22:30,028XX N NATOMA AVE,MOTOR VEHICLE THEFT,OTHER,False,2018
1/16/2018 15:48,114XX S HALSTED ST,BATTERY,CTA BUS,False,2018
1/16/2018 22:45,026XX N SHEFFIELD AVE,THEFT,STREET,False,2018
1/16/2018 21:00,049XX W MONTROSE AVE,THEFT,STREET,False,2018
1/17/2018 6:00,049XX W CORTEZ ST,OTHER OFFENSE,RESIDENCE,False,2018
1/16/2018 19:30,010XX N PAULINA ST,CRIMINAL DAMAGE,PARKING LOT/GARAGE(NON.RESID.),False,2018
1/16/2018 21:00,030XX S KOSTNER AVE,MOTOR VEHICLE THEFT,STREET,True,2018
1/17/2018 16:36,007XX S ST LOUIS AVE,NARCOTICS,OTHER,True,2018
1/17/2018 16:30,015XX N WASHTENAW AVE,CRIMINAL DAMAGE,PARKING LOT/GARAGE(NON.RESID.),False,2018
1/17/2018 19:50,0000X W 110TH PL,CRIMINAL TRESPASS,ABANDONED BUILDING,True,2018
1/16/2018 12:50,007XX N WABASH AVE,THEFT,PARKING LOT/GARAGE(NON.RESID.),False,2018
1/17/2018 22:15,061XX S KOLIN AVE,CRIMINAL DAMAGE,RESIDENCE,False,2018
1/18/2018 8:45,032XX N NORDICA AVE,BURGLARY,RESIDENCE,True,2018
1/18/2018 13:17,044XX W ROSCOE ST,WEAPONS VIOLATION,STREET,True,2018
1/18/2018 14:00,0000X W ADAMS ST,THEFT,RESTAURANT,False,2018
1/18/2018 15:51,015XX W 17TH ST,CRIMINAL TRESPASS,RESIDENCE PORCH/HALLWAY,True,2018
1/16/2018 16:00,036XX W NORTH AVE,DECEPTIVE PRACTICE,SMALL RETAIL STORE,False,2018
1/18/2018 16:30,024XX W HARRISON ST,ASSAULT,SIDEWALK,False,2018
1/17/2018 19:00,064XX S DR MARTIN LUTHER KING JR DR,THEFT,STREET,False,2018
1/18/2018 17:30,049XX W NORTH AVE,THEFT,PARKING LOT/GARAGE(NON.RESID.),False,2018
1/18/2018 19:16,079XX S ASHLAND AVE,PUBLIC PEACE VIOLATION,GAS STATION,True,2018
1/18/2018 21:12,082XX S JEFFERY BLVD,BURGLARY,APARTMENT,False,2018
1/18/2018 20:25,001XX E 123RD ST,OTHER OFFENSE,RESIDENCE,False,2018
1/18/2018 21:20,007XX N AVERS AVE,WEAPONS VIOLATION,STREET,True,2018
1/18/2018 22:00,027XX N AUSTIN AVE,MOTOR VEHICLE THEFT,STREET,False,2018
1/18/2018 6:00,048XX S CALUMET AVE,BURGLARY,OTHER,False,2018
1/18/2018 21:30,063XX W DEVON AVE,BURGLARY,RESIDENCE-GARAGE,False,2018
1/18/2018 17:30,002XX W 95TH ST,MOTOR VEHICLE THEFT,STREET,False,2018
1/19/2018 7:10,001XX E WACKER DR,DECEPTIVE PRACTICE,OTHER,False,2018
1/19/2018 10:15,040XX W 21ST ST,BATTERY,APARTMENT,False,2018
1/19/2018 13:37,040XX W CARROLL AVE,INTERFERENCE WITH PUBLIC OFFICER,STREET,True,2018
1/19/2018 8:00,129XX S WALLACE ST,THEFT,RESIDENCE-GARAGE,False,2018
1/19/2018 13:30,054XX W CORTEZ ST,THEFT,RESIDENCE,False,2018
1/19/2018 16:45,075XX S ASHLAND AVE,CRIMINAL DAMAGE,PARKING LOT/GARAGE(NON.RESID.),False,2018
1/19/2018 10:00,042XX W ADAMS ST,ROBBERY,SIDEWALK,False,2018
1/19/2018 19:20,014XX E 71ST ST,WEAPONS VIOLATION,STREET,True,2018
1/19/2018 17:40,069XX S LAFAYETTE AVE,CRIMINAL TRESPASS,RESTAURANT,False,2018
1/19/2018 17:40,007XX W DIVERSEY PKWY,ASSAULT,CHA HALLWAY/STAIRWELL/ELEVATOR,False,2018
1/19/2018 17:12,0000X E ADAMS ST,BATTERY,RESTAURANT,True,2018
1/19/2018 21:42,028XX W NORTH AVE,BATTERY,APARTMENT,False,2018
1/19/2018 23:10,008XX W LAKE ST,MOTOR VEHICLE THEFT,STREET,False,2018
1/19/2018 20:20,014XX S LAWNDALE AVE,BATTERY,VEHICLE NON-COMMERCIAL,False,2018
1/20/2018 0:15,016XX W CONGRESS PKWY,BATTERY,HOSPITAL BUILDING/GROUNDS,False,2018
1/20/2018 1:51,057XX W MADISON ST,INTERFERENCE WITH PUBLIC OFFICER,STREET,True,2018
1/20/2018 4:39,051XX S DORCHESTER AVE,BATTERY,SIDEWALK,False,2018
1/19/2018 20:00,021XX S CHRISTIANA AVE,MOTOR VEHICLE THEFT,STREET,False,2018
1/20/2018 8:15,027XX W CATALPA AVE,BATTERY,STREET,False,2018
1/20/2018 10:31,009XX N ST LOUIS AVE,NARCOTICS,ALLEY,True,2018
1/19/2018 23:30,042XX S STATE ST,THEFT,PARKING LOT/GARAGE(NON.RESID.),False,2018
1/19/2018 17:00,022XX W WINNEMAC AVE,CRIMINAL DAMAGE,STREET,False,2018
1/20/2018 8:25,064XX S FAIRFIELD AVE,ROBBERY,STREET,False,2018
1/19/2018 12:34,066XX S VERNON AVE,BURGLARY,RESIDENCE,False,2018
1/20/2018 10:00,016XX N SEDGWICK ST,THEFT,STREET,False,2018
1/20/2018 17:20,096XX S WALLACE ST,BATTERY,RESIDENCE,False,2018
1/20/2018 19:15,0000X N STATE ST,THEFT,SMALL RETAIL STORE,True,2018
1/21/2018 2:21,016XX S SPRINGFIELD AVE,ASSAULT,RESIDENCE,False,2018
1/19/2018 11:00,068XX S NORMAL BLVD,THEFT,RESIDENCE,False,2018
1/21/2018 9:00,075XX S ASHLAND AVE,THEFT,PARKING LOT/GARAGE(NON.RESID.),False,2018
1/20/2018 20:00,060XX N SACRAMENTO AVE,MOTOR VEHICLE THEFT,STREET,False,2018
1/21/2018 11:00,041XX W WEST END AVE,ASSAULT,RESIDENCE PORCH/HALLWAY,False,2018
1/21/2018 12:20,063XX S WOOD ST,BATTERY,STREET,False,2018
1/18/2018 16:51,012XX S WABASH AVE,ASSAULT,GAS STATION,True,2018
1/21/2018 18:00,006XX E 88TH ST,CRIMINAL DAMAGE,STREET,False,2018
1/21/2018 22:20,054XX S ARCHER AVE,THEFT,DEPARTMENT STORE,False,2018
1/21/2018 18:00,053XX W GLADYS AVE,OTHER OFFENSE,RESIDENCE,False,2018
1/21/2018 23:50,007XX S KILBOURN AVE,THEFT,STREET,False,2018
1/21/2018 18:00,059XX S WABASH AVE,THEFT,RESIDENCE PORCH/HALLWAY,False,2018
1/15/2018 17:30,009XX W WASHINGTON BLVD,MOTOR VEHICLE THEFT,STREET,False,2018
1/21/2018 18:00,061XX W NEWPORT AVE,THEFT,VEHICLE NON-COMMERCIAL,False,2018
1/21/2018 22:00,009XX W LELAND AVE,CRIMINAL DAMAGE,APARTMENT,False,2018
1/20/2018 9:00,058XX S ADA ST,OTHER OFFENSE,RESIDENCE,False,2018
1/11/2018 12:00,021XX W GLADYS AVE,DECEPTIVE PRACTICE,APARTMENT,False,2018
1/18/2018 19:45,027XX N LINCOLN AVE,MOTOR VEHICLE THEFT,STREET,False,2018
1/21/2018 18:00,034XX W 59TH PL,BATTERY,RESIDENCE,False,2018
1/21/2018 11:24,040XX W IRVING PARK RD,DECEPTIVE PRACTICE,SMALL RETAIL STORE,False,2018
1/20/2018 23:00,008XX W 87TH ST,ROBBERY,STREET,False,2018
1/15/2018 16:00,069XX S MERRILL AVE,OFFENSE INVOLVING CHILDREN,"SCHOOL, PUBLIC, BUILDING",False,2018
1/18/2018 12:00,102XX S FOREST AVE,OTHER OFFENSE,RESIDENCE,False,2018
1/21/2018 0:01,023XX N KARLOV AVE,THEFT,ABANDONED BUILDING,False,2018
1/17/2018 22:47,023XX S SAWYER AVE,ASSAULT,ALLEY,False,2018
1/22/2018 0:05,011XX S INDEPENDENCE BLVD,BATTERY,STREET,False,2018
1/22/2018 1:00,006XX W DRUMMOND PL,THEFT,STREET,False,2018
1/22/2018 10:00,026XX S HOMAN AVE,OTHER OFFENSE,APARTMENT,False,2018
1/22/2018 0:00,029XX S DR MARTIN LUTHER KING JR DR,DECEPTIVE PRACTICE,RESIDENCE,False,2018
1/22/2018 12:50,039XX S MICHIGAN AVE,ASSAULT,STREET,False,2018
1/22/2018 12:00,032XX S KEDZIE AVE,BATTERY,WAREHOUSE,False,2018
1/22/2018 12:40,046XX W 59TH ST,THEFT,CTA TRAIN,False,2018
1/22/2018 15:10,043XX W MAYPOLE AVE,BATTERY,STREET,False,2018
1/22/2018 12:19,021XX E 87TH ST,ASSAULT,"SCHOOL, PUBLIC, BUILDING",False,2018
1/22/2018 17:50,040XX W JACKSON BLVD,CRIMINAL DAMAGE,VEHICLE NON-COMMERCIAL,False,2018
1/22/2018 16:49,064XX S HONORE ST,BATTERY,SIDEWALK,True,2018
1/22/2018 18:50,037XX W CHICAGO AVE,OTHER OFFENSE,SIDEWALK,False,2018
1/22/2018 18:45,047XX N CENTRAL AVE,THEFT,DRUG STORE,False,2018
1/22/2018 18:40,038XX W GEORGE ST,THEFT,RESIDENCE,False,2018
1/22/2018 9:48,016XX N AUSTIN AVE,DECEPTIVE PRACTICE,STREET,False,2018
1/22/2018 15:34,086XX S STATE ST,INTERFERENCE WITH PUBLIC OFFICER,STREET,False,2018
1/22/2018 17:10,008XX W CHICAGO AVE,THEFT,CTA BUS,False,2018
1/22/2018 20:49,0000X S STATE ST,THEFT,SMALL RETAIL STORE,True,2018
1/22/2018 22:30,042XX W ROSCOE ST,BURGLARY,RESIDENCE-GARAGE,False,2018
1/22/2018 20:00,052XX W MELROSE ST,MOTOR VEHICLE THEFT,STREET,False,2018
1/22/2018 18:44,009XX N DRAKE AVE,MOTOR VEHICLE THEFT,RESIDENTIAL YARD (FRONT/BACK),False,2018
1/22/2018 2:45,058XX S SPRINGFIELD AVE,HOMICIDE,AUTO,False,2018
1/22/2018 18:28,010XX E 80TH ST,HOMICIDE,HOUSE,True,2018
1/22/2018 22:00,026XX E 83RD ST,HOMICIDE,STREET,False,2018
1/9/2018 10:30,064XX S TALMAN AVE,ASSAULT,RESIDENCE PORCH/HALLWAY,True,2018
1/9/2018 9:55,053XX W MADISON ST,ROBBERY,SIDEWALK,True,2018
1/23/2018 2:30,007XX S SPAULDING AVE,BATTERY,APARTMENT,False,2018
1/23/2018 3:38,043XX S MICHIGAN AVE,BATTERY,APARTMENT,False,2018
1/23/2018 0:35,076XX S CAMPBELL AVE,OTHER OFFENSE,RESIDENCE,False,2018
1/23/2018 11:30,081XX S DREXEL AVE,BURGLARY,APARTMENT,False,2018
1/23/2018 13:50,009XX E 133RD PL,WEAPONS VIOLATION,"SCHOOL, PUBLIC, BUILDING",True,2018
1/23/2018 16:58,039XX W 59TH ST,NARCOTICS,STREET,True,2018
1/23/2018 16:50,0000X N STATE ST,THEFT,DEPARTMENT STORE,True,2018
1/23/2018 10:33,049XX S WESTERN AVE,THEFT,PARKING LOT/GARAGE(NON.RESID.),False,2018
1/23/2018 20:20,003XX E 47TH ST,THEFT,CTA TRAIN,False,2018
1/23/2018 19:00,071XX S LOWE AVE,ROBBERY,STREET,False,2018
1/23/2018 21:04,130XX S EVANS AVE,NARCOTICS,RESIDENCE,True,2018
1/23/2018 14:00,042XX W 21ST ST,BURGLARY,APARTMENT,False,2018
1/23/2018 23:30,057XX S CICERO AVE,THEFT,AIRPORT EXTERIOR - NON-SECURE AREA,False,2018
1/23/2018 22:15,0000X W RANDOLPH ST,BATTERY,VEHICLE NON-COMMERCIAL,False,2018
1/23/2018 21:00,013XX W 18TH ST,BURGLARY,APARTMENT,False,2018
1/23/2018 16:15,080XX S WESTERN AVE,ASSAULT,SIDEWALK,False,2018
1/12/2018 7:00,041XX N KEYSTONE AVE,DECEPTIVE PRACTICE,RESIDENCE,False,2018
1/8/2018 14:05,057XX S CICERO AVE,THEFT,AIRPORT BUILDING NON-TERMINAL - SECURE AREA,False,2018
1/24/2018 0:30,004XX E 109TH ST,OTHER OFFENSE,APARTMENT,False,2018
1/23/2018 19:53,042XX W HIRSCH ST,HOMICIDE,AUTO,False,2018
1/24/2018 5:20,060XX S WASHTENAW AVE,BATTERY,APARTMENT,False,2018
1/24/2018 9:10,048XX W VAN BUREN ST,NARCOTICS,OTHER,True,2018
1/24/2018 10:00,065XX S WASHTENAW AVE,ASSAULT,RESIDENCE,False,2018
1/24/2018 12:13,001XX S HAMLIN BLVD,NARCOTICS,STREET,True,2018
1/24/2018 12:24,052XX S NEW ENGLAND AVE,THEFT,RESIDENCE PORCH/HALLWAY,False,2018
1/24/2018 14:45,085XX S COTTAGE GROVE AVE,THEFT,DEPARTMENT STORE,False,2018
1/24/2018 9:30,077XX S NORMAL AVE,BURGLARY,APARTMENT,False,2018
1/24/2018 19:36,006XX W HUBBARD ST,THEFT,STREET,False,2018
1/24/2018 16:30,026XX N LINCOLN AVE,CRIMINAL DAMAGE,STREET,False,2018
1/24/2018 20:52,028XX S HILLOCK AVE,CRIMINAL DAMAGE,RESIDENCE,False,2018
1/24/2018 18:30,002XX W 110TH ST,BURGLARY,RESIDENCE,False,2018
1/24/2018 11:55,075XX S HARVARD AVE,ASSAULT,"SCHOOL, PUBLIC, BUILDING",False,2018
1/24/2018 22:00,085XX S RACINE AVE,CRIMINAL DAMAGE,STREET,False,2018
1/24/2018 10:38,057XX S HERMITAGE AVE,OTHER OFFENSE,RESIDENCE,False,2018
1/24/2018 19:00,014XX W HURON ST,THEFT,STREET,False,2018
1/24/2018 5:00,082XX S LOOMIS BLVD,BATTERY,RESIDENCE,False,2018
1/24/2018 0:00,016XX S KOMENSKY AVE,BATTERY,RESIDENCE,False,2018
1/24/2018 4:23,035XX W MONTROSE AVE,THEFT,RESIDENCE PORCH/HALLWAY,False,2018
1/14/2018 8:30,052XX S MAY ST,CRIMINAL DAMAGE,APARTMENT,False,2018
1/14/2018 13:00,109XX S DOTY AVE W,DECEPTIVE PRACTICE,DEPARTMENT STORE,False,2018
1/23/2018 7:50,0000X S STATE ST,THEFT,CTA TRAIN,False,2018
1/24/2018 6:45,004XX S PULASKI RD,HOMICIDE,STREET,False,2018
1/24/2018 14:47,050XX W FULLERTON AVE,HOMICIDE,RETAIL STORE,True,2018
1/25/2018 1:55,034XX W DIVERSEY AVE,ASSAULT,SMALL RETAIL STORE,True,2018
1/25/2018 3:22,082XX S MAY ST,OTHER OFFENSE,STREET,False,2018
1/2/2018 14:42,051XX W SCHOOL ST,BURGLARY,RESIDENCE-GARAGE,True,2018
1/25/2018 9:25,010XX N KEYSTONE AVE,THEFT,STREET,False,2018
1/25/2018 11:47,018XX W 50TH ST,OTHER OFFENSE,STREET,True,2018
1/25/2018 10:48,048XX N MARINE DR,BATTERY,HOSPITAL BUILDING/GROUNDS,False,2018
1/25/2018 12:17,131XX S ELLIS AVE,BATTERY,RESIDENCE,False,2018
1/25/2018 8:15,004XX N TROY ST,ASSAULT,"SCHOOL, PUBLIC, BUILDING",False,2018
1/25/2018 14:00,0000X E ROOSEVELT RD,THEFT,OTHER,False,2018
1/25/2018 16:15,030XX N MOBILE AVE,BATTERY,"SCHOOL, PUBLIC, GROUNDS",True,2018
1/25/2018 20:50,024XX N MANGO AVE,BATTERY,RESIDENCE,False,2018
1/25/2018 22:13,020XX W NORTH AVE,WEAPONS VIOLATION,OTHER,False,2018
1/25/2018 22:00,070XX S INDIANA AVE,ARSON,RESIDENCE PORCH/HALLWAY,True,2018
1/25/2018 20:00,0000X E MONROE ST,ROBBERY,BANK,False,2018
1/25/2018 21:00,010XX W 80TH ST,CRIMINAL DAMAGE,APARTMENT,False,2018
1/25/2018 20:00,044XX W 30TH ST,MOTOR VEHICLE THEFT,STREET,False,2018
1/25/2018 22:09,014XX N KINGSBURY ST,THEFT,STREET,False,2018
1/25/2018 18:30,0000X E 35TH ST,THEFT,CTA TRAIN,False,2018
1/25/2018 11:00,084XX S SAGINAW AVE,THEFT,AUTO / BOAT / RV DEALERSHIP,False,2018
1/13/2018 9:40,058XX N KENMORE AVE,THEFT,RESIDENCE PORCH/HALLWAY,False,2018
1/26/2018 0:34,075XX N CLAREMONT AVE,ROBBERY,SIDEWALK,False,2018
1/26/2018 0:00,020XX W CORTEZ ST,THEFT,STREET,False,2018
1/26/2018 3:35,035XX W LAWRENCE AVE,BURGLARY,SMALL RETAIL STORE,False,2018
1/26/2018 7:45,031XX S MICHIGAN AVE,ROBBERY,GAS STATION,False,2018
1/26/2018 3:20,060XX N MENARD AVE,CRIMINAL TRESPASS,VEHICLE NON-COMMERCIAL,False,2018
1/26/2018 11:30,049XX S CHICAGO BEACH DR,THEFT,PARKING LOT/GARAGE(NON.RESID.),False,2018
1/26/2018 10:30,085XX S CALIFORNIA AVE,BATTERY,VEHICLE NON-COMMERCIAL,False,2018
1/26/2018 8:50,009XX E 101ST ST,CRIMINAL TRESPASS,RESIDENCE,False,2018
1/26/2018 15:30,049XX W SUPERIOR ST,NARCOTICS,ALLEY,True,2018
1/26/2018 0:45,061XX N MEADE AVE,THEFT,STREET,False,2018
1/26/2018 15:48,005XX N HOMAN AVE,WEAPONS VIOLATION,VEHICLE NON-COMMERCIAL,True,2018
1/26/2018 16:00,086XX S STONY ISLAND AVE,MOTOR VEHICLE THEFT,STREET,False,2018
1/26/2018 16:28,063XX S ASHLAND AVE,BATTERY,VACANT LOT/LAND,True,2018
1/26/2018 18:00,061XX S MAY ST,BATTERY,APARTMENT,False,2018
1/26/2018 19:29,131XX S ELLIS AVE,INTERFERENCE WITH PUBLIC OFFICER,STREET,True,2018
1/26/2018 12:30,013XX W EVERGREEN AVE,BURGLARY,APARTMENT,False,2018
1/26/2018 12:00,014XX N PAULINA ST,BURGLARY,APARTMENT,False,2018
1/26/2018 21:15,062XX S EVANS AVE,OTHER OFFENSE,APARTMENT,True,2018
1/26/2018 23:25,014XX W ROSEMONT AVE,CRIMINAL DAMAGE,RESIDENCE PORCH/HALLWAY,True,2018
1/26/2018 12:00,045XX S PAULINA ST,OTHER OFFENSE,APARTMENT,False,2018
1/26/2018 16:36,054XX W SCHUBERT AVE,ASSAULT,RESIDENCE,False,2018
1/26/2018 4:00,075XX S STONY ISLAND AVE,BATTERY,STREET,False,2018
1/26/2018 21:00,015XX N CLYBOURN AVE,THEFT,RESTAURANT,False,2018
1/26/2018 20:07,061XX N DRAKE AVE,OTHER OFFENSE,RESIDENCE,False,2018
1/26/2018 10:30,053XX N LINCOLN AVE,OTHER OFFENSE,HOTEL/MOTEL,False,2018
1/17/2018 10:00,005XX S PLYMOUTH CT,DECEPTIVE PRACTICE,APARTMENT,False,2018
1/26/2018 17:00,055XX W WASHINGTON BLVD,MOTOR VEHICLE THEFT,STREET,False,2018
1/1/2018 16:00,037XX W MONTROSE AVE,OTHER OFFENSE,RESIDENCE,False,2018
1/26/2018 10:32,070XX S VINCENNES AVE,HOMICIDE,STREET,False,2018
1/27/2018 1:50,017XX W TAYLOR ST,BATTERY,HOSPITAL BUILDING/GROUNDS,False,2018
1/27/2018 2:30,0000X E 83RD ST,CRIMINAL DAMAGE,RESTAURANT,False,2018
1/2/2018 18:14,001XX W ELM ST,BATTERY,CHA APARTMENT,True,2018
1/27/2018 3:55,028XX W 21ST ST,BATTERY,APARTMENT,True,2018
1/27/2018 0:01,005XX W MELROSE ST,DECEPTIVE PRACTICE,STREET,False,2018
1/27/2018 10:00,055XX W IRVING PARK RD,THEFT,OTHER,False,2018
1/27/2018 6:50,013XX N RIDGEWAY AVE,CRIMINAL DAMAGE,STREET,True,2018
1/27/2018 9:30,035XX S RHODES AVE,BATTERY,APARTMENT,True,2018
1/27/2018 10:26,043XX W GLADYS AVE,WEAPONS VIOLATION,SIDEWALK,True,2018
1/27/2018 12:15,040XX W VAN BUREN ST,NARCOTICS,SIDEWALK,True,2018
1/27/2018 10:00,017XX N WASHTENAW AVE,THEFT,CONSTRUCTION SITE,False,2018
1/27/2018 14:58,071XX S CYRIL AVE,BATTERY,APARTMENT,False,2018
1/27/2018 18:30,065XX S WINCHESTER AVE,ASSAULT,RESIDENCE,False,2018
1/27/2018 18:30,014XX W SHAKESPEARE AVE,THEFT,STREET,False,2018
1/27/2018 19:35,055XX S TALMAN AVE,THEFT,STREET,False,2018
1/27/2018 18:20,036XX W CULLOM AVE,BATTERY,SIDEWALK,False,2018
1/1/2018 12:00,026XX N SHEFFIELD AVE,OTHER OFFENSE,CHA APARTMENT,False,2018
1/3/2018 14:00,019XX N LINCOLN PARK WEST,THEFT,RESIDENCE,False,2018
1/8/2018 14:00,083XX S COTTAGE GROVE AVE,THEFT,RESIDENCE PORCH/HALLWAY,False,2018
1/3/2018 6:00,061XX N SHERIDAN RD,BURGLARY,RESIDENCE,True,2018
1/27/2018 2:27,025XX W DIVISION ST,HOMICIDE,AUTO,False,2018
1/27/2018 11:55,013XX W 110TH PL,HOMICIDE,STREET,False,2018
1/9/2018 14:00,034XX S COTTAGE GROVE AVE,OTHER OFFENSE,OTHER,True,2018
1/10/2018 18:25,065XX S DR MARTIN LUTHER KING JR DR,BATTERY,RESIDENCE PORCH/HALLWAY,True,2018
1/28/2018 2:40,011XX S CANAL ST,DECEPTIVE PRACTICE,RESTAURANT,False,2018
1/28/2018 9:40,083XX S PEORIA ST,BATTERY,APARTMENT,False,2018
1/28/2018 21:24,013XX N PULASKI RD,BATTERY,STREET,False,2018
1/28/2018 9:30,081XX S RHODES AVE,THEFT,STREET,False,2018
1/29/2018 0:01,048XX S PRINCETON AVE,OTHER OFFENSE,APARTMENT,False,2018
1/19/2018 8:35,062XX N FRANCISCO AVE,BATTERY,APARTMENT,True,2018
1/26/2018 23:00,007XX N LOTUS AVE,OFFENSE INVOLVING CHILDREN,APARTMENT,True,2018
1/29/2018 15:48,026XX S KARLOV AVE,CRIMINAL DAMAGE,APARTMENT,False,2018
1/29/2018 7:00,0000X N STATE ST,THEFT,RESTAURANT,False,2018
1/16/2018 20:00,059XX S RACINE AVE,THEFT,RESIDENCE,False,2018
1/15/2018 15:45,001XX N STATE ST,THEFT,RESTAURANT,False,2018
1/27/2018 17:20,048XX W IRVING PARK RD,THEFT,SMALL RETAIL STORE,False,2018
1/26/2018 12:07,081XX S ELLIS AVE,BATTERY,APARTMENT,False,2018
1/23/2018 23:25,005XX N LA SALLE DR,BURGLARY,CONVENIENCE STORE,True,2018
1/29/2018 11:00,077XX S PHILLIPS AVE,BURGLARY,APARTMENT,False,2018
1/31/2018 0:12,052XX S WESTERN AVE,OTHER OFFENSE,STREET,True,2018
1/1/2018 9:00,034XX N LINCOLN AVE,OTHER OFFENSE,RESIDENCE,False,2018
1/25/2018 15:58,078XX S ASHLAND AVE,THEFT,SMALL RETAIL STORE,False,2018
1/26/2018 19:30,040XX N MILWAUKEE AVE,BURGLARY,ANIMAL HOSPITAL,False,2018
1/30/2018 21:51,024XX W EASTWOOD AVE,HOMICIDE,HOUSE,True,2018
1/3/2018 20:00,004XX E 46TH ST,MOTOR VEHICLE THEFT,STREET,True,2018
1/26/2018 9:20,0000X W KINZIE ST,DECEPTIVE PRACTICE,HOTEL/MOTEL,True,2018
1/26/2018 10:07,011XX W WILSON AVE,WEAPONS VIOLATION,STREET,True,2018
1/31/2018 16:08,042XX N CLARENDON AVE,ASSAULT,"SCHOOL, PUBLIC, BUILDING",False,2018
1/31/2018 9:35,075XX S BLACKSTONE AVE,BATTERY,SIDEWALK,False,2018
1/26/2018 16:30,019XX W LAWRENCE AVE,THEFT,APARTMENT,False,2018
1/10/2018 18:00,014XX N LAKE SHORE DR,THEFT,STREET,False,2018
1/8/2018 19:00,063XX S FAIRFIELD AVE,THEFT,APARTMENT,False,2018
1/28/2018 3:56,049XX W CARMEN AVE,OTHER OFFENSE,RESIDENCE,False,2018
1/31/2018 23:22,047XX W ARTHINGTON ST,HOMICIDE,STREET,False,2018
1/31/2018 14:02,111XX S EMERALD AVE,HOMICIDE,APARTMENT,True,2018
1/27/2018 19:33,046XX W FIFTH AVE,PROSTITUTION,STREET,True,2018
1/27/2018 19:20,0000X W OHIO ST,THEFT,RESTAURANT,False,2018
1/27/2018 22:43,019XX S KEDZIE AVE,THEFT,CTA PLATFORM,False,2018
1/28/2018 1:15,006XX N ORLEANS ST,BATTERY,PARKING LOT/GARAGE(NON.RESID.),False,2018
1/28/2018 4:31,0000X W TERMINAL ST,CRIMINAL TRESPASS,AIRPORT TERMINAL UPPER LEVEL - SECURE AREA,True,2018
1/28/2018 4:05,012XX N DEARBORN ST,THEFT,RESIDENCE,False,2018
1/27/2018 11:00,0000X S MICHIGAN AVE,THEFT,HOTEL/MOTEL,False,2018
1/28/2018 7:20,037XX W AGATITE AVE,BATTERY,APARTMENT,False,2018
1/19/2018 20:00,018XX W NORTH AVE,OTHER OFFENSE,RESTAURANT,False,2018
1/27/2018 19:00,003XX N STATE ST,PUBLIC PEACE VIOLATION,RESTAURANT,False,2018
1/28/2018 6:10,019XX S ST LOUIS AVE,CRIM SEXUAL ASSAULT,APARTMENT,False,2018
1/28/2018 13:30,021XX W DEVON AVE,CRIMINAL TRESPASS,RESIDENCE PORCH/HALLWAY,True,2018
1/28/2018 13:51,0000X W TERMINAL ST,PUBLIC PEACE VIOLATION,AIRPORT TERMINAL UPPER LEVEL - SECURE AREA,False,2018
1/28/2018 13:40,001XX N PINE AVE,BATTERY,APARTMENT,True,2018
1/28/2018 16:27,0000X S STATE ST,THEFT,DEPARTMENT STORE,True,2018
1/28/2018 14:15,031XX W MADISON ST,BATTERY,RESIDENCE PORCH/HALLWAY,False,2018
1/28/2018 17:50,107XX S TRUMBULL AVE,ASSAULT,STREET,False,2018
1/28/2018 18:00,031XX W 103RD ST,THEFT,SMALL RETAIL STORE,True,2018
1/28/2018 19:23,014XX S ST LOUIS AVE,NARCOTICS,SIDEWALK,True,2018
1/28/2018 20:23,006XX E 87TH PL,BATTERY,RESIDENCE,False,2018
1/28/2018 19:30,006XX N RUSH ST,BATTERY,HOTEL/MOTEL,False,2018
1/28/2018 19:15,013XX E 47TH ST,THEFT,SMALL RETAIL STORE,False,2018
1/29/2018 1:00,0000X W CHICAGO AVE,THEFT,RESTAURANT,False,2018
1/28/2018 22:55,016XX W CULLERTON ST,WEAPONS VIOLATION,STREET,True,2018
1/29/2018 4:48,061XX N LINCOLN AVE,CRIMINAL DAMAGE,COMMERCIAL / BUSINESS OFFICE,False,2018
1/29/2018 4:30,100XX W OHARE ST,THEFT,AIRPORT TERMINAL LOWER LEVEL - NON-SECURE AREA,False,2018
1/29/2018 8:15,011XX W JACKSON BLVD,BATTERY,"VEHICLE - OTHER RIDE SHARE SERVICE (E.G., UBER, LYFT)",False,2018
1/28/2018 17:30,018XX N CLARK ST,THEFT,STREET,False,2018
1/26/2018 13:00,017XX W PRYOR AVE,BATTERY,"SCHOOL, PUBLIC, BUILDING",False,2018
1/29/2018 12:15,068XX S CORNELL AVE,BATTERY,RESIDENTIAL YARD (FRONT/BACK),False,2018
1/29/2018 11:55,063XX S WOODLAWN AVE,CRIMINAL DAMAGE,PARKING LOT/GARAGE(NON.RESID.),False,2018
1/26/2018 10:00,050XX W WINDSOR AVE,THEFT,RESIDENCE,False,2018
1/29/2018 11:45,007XX S WABASH AVE,THEFT,PARKING LOT/GARAGE(NON.RESID.),False,2018
1/29/2018 11:05,131XX S CARVER DR,BATTERY,"SCHOOL, PUBLIC, BUILDING",True,2018
1/29/2018 7:30,065XX S DR MARTIN LUTHER KING JR DR,CRIMINAL DAMAGE,APARTMENT,False,2018
1/29/2018 17:45,030XX W 26TH ST,THEFT,DRUG STORE,True,2018
1/29/2018 8:45,013XX W FULTON ST,THEFT,PARKING LOT/GARAGE(NON.RESID.),False,2018
1/29/2018 18:51,0000X S STATE ST,THEFT,SMALL RETAIL STORE,False,2018
1/29/2018 17:00,018XX N LINCOLN AVE,THEFT,STREET,False,2018
1/29/2018 16:35,055XX W EDMUNDS ST,BURGLARY,RESIDENCE,False,2018
1/29/2018 18:21,036XX W WRIGHTWOOD AVE,ROBBERY,CONVENIENCE STORE,False,2018
1/29/2018 19:08,020XX N HARLEM AVE,BATTERY,APARTMENT,True,2018
1/30/2018 1:07,110XX S HALSTED ST,ROBBERY,OTHER,False,2018
1/29/2018 18:00,055XX N MANGO AVE,MOTOR VEHICLE THEFT,STREET,False,2018
1/30/2018 4:08,117XX S WALLACE ST,BATTERY,RESIDENCE,False,2018
1/29/2018 16:00,033XX S WESTERN AVE,THEFT,VEHICLE NON-COMMERCIAL,False,2018
1/30/2018 8:20,037XX W HURON ST,BATTERY,STREET,False,2018
1/30/2018 0:00,131XX S ST LAWRENCE AVE,MOTOR VEHICLE THEFT,STREET,False,2018
1/30/2018 7:14,016XX N MONITOR AVE,BATTERY,APARTMENT,False,2018
1/29/2018 12:15,029XX W BELMONT AVE,BATTERY,SMALL RETAIL STORE,False,2018
1/27/2018 7:00,009XX S AUSTIN BLVD,BATTERY,NURSING HOME/RETIREMENT HOME,False,2018
1/30/2018 11:43,012XX W 74TH ST,OTHER OFFENSE,RESIDENCE,True,2018
1/30/2018 8:35,053XX S LOOMIS BLVD,BATTERY,"SCHOOL, PUBLIC, GROUNDS",False,2018
1/30/2018 10:30,089XX S BUFFALO AVE,BATTERY,"SCHOOL, PUBLIC, BUILDING",False,2018
1/30/2018 13:15,034XX W DOUGLAS BLVD,BATTERY,"SCHOOL, PUBLIC, BUILDING",False,2018
1/18/2018 13:01,063XX S SACRAMENTO AVE,THEFT,RESIDENCE,False,2018
1/29/2018 22:30,066XX S CARPENTER ST,ASSAULT,RESIDENTIAL YARD (FRONT/BACK),False,2018
1/29/2018 14:30,001XX W NORTH AVE,DECEPTIVE PRACTICE,RESTAURANT,False,2018
1/30/2018 18:33,026XX W LITHUANIAN PLAZA CT,ASSAULT,RESIDENCE,False,2018
1/30/2018 17:40,042XX S WASHTENAW AVE,WEAPONS VIOLATION,STREET,True,2018
1/30/2018 17:20,008XX E MIDWAY PLAISANCE,BATTERY,VEHICLE NON-COMMERCIAL,False,2018
1/23/2018 8:50,044XX N GREENVIEW AVE,THEFT,RESIDENTIAL YARD (FRONT/BACK),True,2018
1/28/2018 17:50,080XX S CICERO AVE,THEFT,VEHICLE NON-COMMERCIAL,False,2018
1/30/2018 19:04,071XX S JEFFERY BLVD,NARCOTICS,DRUG STORE,True,2018
1/30/2018 15:50,037XX W GRAND AVE,BATTERY,VACANT LOT/LAND,False,2018
1/30/2018 18:08,0000X W 103RD ST,WEAPONS VIOLATION,STREET,True,2018
1/30/2018 21:00,003XX S RICHMOND ST,CRIMINAL DAMAGE,STREET,False,2018
1/30/2018 22:29,023XX S KIRKLAND AVE,WEAPONS VIOLATION,ALLEY,True,2018
1/30/2018 23:06,053XX W CHICAGO AVE,BATTERY,APARTMENT,False,2018
1/30/2018 18:00,086XX S EXCHANGE AVE,CRIMINAL DAMAGE,RESIDENCE,False,2018
1/30/2018 21:30,009XX W LELAND AVE,THEFT,OTHER,False,2018
1/31/2018 6:55,090XX S CLYDE AVE,MOTOR VEHICLE THEFT,STREET,False,2018
1/30/2018 18:00,063XX N NORDICA AVE,CRIMINAL TRESPASS,STREET,False,2018
1/31/2018 7:30,034XX W MONTROSE AVE,CRIMINAL DAMAGE,SMALL RETAIL STORE,False,2018
1/31/2018 12:06,010XX N AVERS AVE,NARCOTICS,SIDEWALK,True,2018
1/31/2018 2:00,057XX N WESTERN AVE,BURGLARY,RESTAURANT,False,2018
1/30/2018 17:00,079XX S HONORE ST,THEFT,STREET,False,2018
1/25/2018 9:00,055XX S SAWYER AVE,MOTOR VEHICLE THEFT,STREET,False,2018
1/26/2018 23:00,073XX S STONY ISLAND AVE,THEFT,CHURCH/SYNAGOGUE/PLACE OF WORSHIP,False,2018
1/29/2018 10:00,053XX W MONROE ST,DECEPTIVE PRACTICE,RESIDENCE,False,2018
1/31/2018 16:00,093XX S ABERDEEN ST,OTHER OFFENSE,STREET,False,2018
1/30/2018 5:00,054XX S WENTWORTH AVE,DECEPTIVE PRACTICE,ATM (AUTOMATIC TELLER MACHINE),False,2018
1/31/2018 18:20,015XX E 55TH ST,THEFT,SMALL RETAIL STORE,False,2018
1/31/2018 20:07,0000X E HUBBARD ST,MOTOR VEHICLE THEFT,STREET,False,2018
1/31/2018 19:30,111XX S DRAKE AVE,ASSAULT,SIDEWALK,False,2018
1/31/2018 11:30,037XX N TROY ST,OFFENSE INVOLVING CHILDREN,APARTMENT,False,2018
1/31/2018 21:00,026XX S DRAKE AVE,CRIMINAL DAMAGE,RESIDENCE,False,2018
1/31/2018 21:37,060XX S DAMEN AVE,CRIMINAL TRESPASS,ALLEY,False,2018
1/26/2018 19:00,017XX W 66TH ST,MOTOR VEHICLE THEFT,STREET,True,2018
1/28/2018 1:13,056XX S ADA ST,ASSAULT,RESIDENCE,False,2018
1/31/2018 20:18,064XX S MINERVA AVE,THEFT,STREET,False,2018
1/31/2018 12:45,060XX S WESTERN AVE,ASSAULT,"SCHOOL, PUBLIC, BUILDING",False,2018
1/29/2018 10:00,007XX N MONTICELLO AVE,DECEPTIVE PRACTICE,DAY CARE CENTER,False,2018
1/31/2018 15:30,047XX W BELMONT AVE,BATTERY,SIDEWALK,False,2018
1/31/2018 18:00,029XX S POPLAR AVE,SEX OFFENSE,PARK PROPERTY,False,2018
1/31/2018 18:30,011XX W 47TH ST,BATTERY,STREET,False,2018
1/31/2018 19:10,032XX S ARCHER AVE,ASSAULT,STREET,False,2018
1/30/2018 6:45,041XX N KEELER AVE,THEFT,PARKING LOT/GARAGE(NON.RESID.),False,2018
1/27/2018 8:00,081XX S DREXEL AVE,CRIMINAL DAMAGE,STREET,False,2018
1/31/2018 11:00,071XX S COLES AVE,ASSAULT,RESIDENCE PORCH/HALLWAY,False,2018
1/29/2018 8:00,028XX S CALIFORNIA BLVD,DECEPTIVE PRACTICE,HOSPITAL BUILDING/GROUNDS,False,2018
1/31/2018 19:00,011XX S CANAL ST,THEFT,SMALL RETAIL STORE,False,2018
1/30/2018 22:00,097XX S EWING AVE,BURGLARY,APARTMENT,False,2018
2/1/2018 0:03,008XX N LEAMINGTON AVE,OTHER OFFENSE,STREET,False,2018
1/31/2018 9:00,013XX W GREENLEAF AVE,THEFT,RESIDENCE,False,2018
2/1/2018 7:11,009XX N MICHIGAN AVE,CRIMINAL TRESPASS,HOTEL/MOTEL,True,2018
2/1/2018 9:00,030XX W 63RD ST,THEFT,GAS STATION,False,2018
2/1/2018 13:25,012XX W 80TH ST,ROBBERY,STREET,False,2018
2/1/2018 15:50,118XX S WALLACE ST,BATTERY,RESIDENCE,True,2018
2/1/2018 12:45,046XX N ELSTON AVE,THEFT,PARKING LOT/GARAGE(NON.RESID.),False,2018
2/1/2018 19:00,034XX W DOUGLAS BLVD,MOTOR VEHICLE THEFT,STREET,False,2018
2/1/2018 16:00,003XX S WESTERN AVE,BATTERY,RESTAURANT,False,2018
2/1/2018 8:00,002XX W 31ST ST,OTHER OFFENSE,RESIDENCE,False,2018
2/1/2018 21:07,059XX S KEDZIE AVE,BATTERY,RESIDENCE,False,2018
2/1/2018 21:31,064XX S HALSTED ST,NARCOTICS,STREET,True,2018
2/1/2018 19:00,083XX S SCOTTSDALE AVE,CRIMINAL DAMAGE,STREET,False,2018
2/1/2018 7:00,065XX S MOZART ST,THEFT,STREET,False,2018
2/1/2018 19:00,002XX W 95TH ST,OTHER OFFENSE,STREET,False,2018
2/1/2018 23:00,053XX N KIMBALL AVE,THEFT,STREET,False,2018
2/1/2018 14:00,028XX W 21ST ST,THEFT,RESIDENCE,False,2018
2/1/2018 11:00,023XX W MADISON ST,OTHER OFFENSE,PARKING LOT/GARAGE(NON.RESID.),False,2018
2/1/2018 22:00,048XX N SHERIDAN RD,CRIMINAL DAMAGE,OTHER,False,2018
2/1/2018 22:00,050XX W GLADYS AVE,THEFT,RESIDENCE,False,2018
2/1/2018 9:00,004XX N RIDGEWAY AVE,BURGLARY,RESIDENCE-GARAGE,False,2018
2/1/2018 11:00,004XX N ASHLAND AVE,DECEPTIVE PRACTICE,APARTMENT,False,2018
2/1/2018 23:00,015XX W FULTON ST,THEFT,STREET,False,2018
2/1/2018 14:00,008XX E 55TH ST,CRIMINAL DAMAGE,STREET,False,2018
2/1/2018 14:00,004XX S FRANKLIN ST,THEFT,PARKING LOT/GARAGE(NON.RESID.),False,2018
2/1/2018 18:25,005XX N RACINE AVE,THEFT,RESIDENCE,False,2018
2/1/2018 14:00,028XX N KOLMAR AVE,OTHER OFFENSE,RESIDENCE,False,2018
2/1/2018 21:30,054XX S RIDGEWAY AVE,OTHER OFFENSE,STREET,False,2018
2/1/2018 10:00,009XX N LOCKWOOD AVE,THEFT,STREET,False,2018
1/5/2018 12:00,036XX S EMERALD AVE,DECEPTIVE PRACTICE,RESIDENCE,False,2018
1/25/2018 10:00,055XX W PARKER AVE,DECEPTIVE PRACTICE,RESIDENCE,False,2018
